lengthscale,likelihood_variance,kernel_variance,trainable_kernel,trainable_variance,trainable_lengthscale,avg_rmse,rmse_list
"[0.008, 0.008, 2]",400.0,400.0,0.0,0.0,0.0,19.19188832497515,"[10.738971835780927, 24.496027373910568, 13.295111642146388, 18.37630675806642, 17.412111448565685, 24.73940413278885, 16.75489480109052, 13.38014113282965, 25.721785233245964, 27.004128891326566]"
