lengthscale,likelihood_variance,kernel_variance,trainable_kernel,trainable_variance,trainable_lengthscale,avg_rmse,rmse_list
"[0.008, 0.008, 2]",400.0,400.0,0.0,0.0,0.0,19.19188832497515,"[10.738971835780927, 24.496027373910568, 13.295111642146388, 18.37630675806642, 17.412111448565685, 24.73940413278885, 16.75489480109052, 13.38014113282965, 25.721785233245964, 27.004128891326566]"
"[0.008, 0.008, 2]",400.0,400.0,0.0,0.0,1.0,17.32642893911044,"[11.931398578266325, 21.768562615873982, 14.320995597656223, 16.96785561938652, 13.93561872428152, 21.343504755016887, 15.88412163844512, 12.158585000487918, 21.445588074177437, 23.508058787512446]"
"[0.008, 0.008, 2]",400.0,400.0,0.0,1.0,0.0,19.644017493054285,"[10.71656830552756, 24.436467134638722, 13.3032849893644, 18.369128156032552, 21.610880862128425, 24.725782464422412, 16.729575450473032, 13.38093753896875, 25.717730582702153, 27.449819446284852]"
"[0.008, 0.008, 2]",400.0,400.0,0.0,1.0,1.0,17.45727635497581,"[11.872717443023895, 22.09413449876978, 11.797465947641122, 16.957970924944682, 13.984691177200856, 25.504138539130807, 15.883745394462366, 12.158585000487918, 21.407356877478254, 22.911957746618423]"
"[0.008, 0.008, 2]",400.0,400.0,1.0,0.0,0.0,20.221671296747687,"[10.79831007918821, 27.951653581668438, 16.097994034961257, 21.14697237299747, 13.355047137290814, 25.4735176945283, 20.121089524031312, 13.505422596753743, 25.983363612162297, 27.783342333895032]"
